problem_id,function,instance,dimension,opt_val,split
f1_i1,1,1,10,79.48,train
f2_i1,2,1,10,-209.88,train
f5_i1,5,1,10,-9.21,train
f8_i1,8,1,10,149.15,train
f10_i1,10,1,10,-54.94,train
f11_i1,11,1,10,76.27,train
f12_i1,12,1,10,-621.11,train
f15_i1,15,1,10,1000.0,train
f3_i1,3,1,10,-462.09,test
f4_i1,4,1,10,-462.09,test
f6_i1,6,1,10,35.9,test
f7_i1,7,1,10,92.94,test
f9_i1,9,1,10,123.83,test
f13_i1,13,1,10,29.97,test
f14_i1,14,1,10,-52.35,test
f16_i1,16,1,10,71.35,test
f17_i1,17,1,10,-16.94,test
f18_i1,18,1,10,-16.94,test
f19_i1,19,1,10,-102.55,test
f20_i1,20,1,10,-546.5,test
f21_i1,21,1,10,40.78,test
f22_i1,22,1,10,-1000.0,test
f23_i1,23,1,10,6.87,test
f24_i1,24,1,10,102.61,test