problem_id,function,instance,dimension,opt_val,split,prediction
f3_i1,3,1,20,-462.09,test,0.9882440269641902|0.0|0.0|-462.09
f4_i1,4,1,20,-462.09,test,0.9713129878854122|0.0|0.0|-462.09
f6_i1,6,1,20,35.9,test,0.9427345089265783|0.0|0.0|35.9
f7_i1,7,1,20,92.94,test,0.97150107207096|0.0|0.0|92.94
f9_i1,9,1,20,123.83,test,0.999244441264439|0.0|0.0|123.83
f13_i1,13,1,20,29.97,test,0.8053964290196047|0.0|0.0|29.97
f14_i1,14,1,20,-52.35,test,0.9812957728677798|0.0|0.0|-52.35
f16_i1,16,1,20,71.35,test,0.49699289693399223|0.0|0.0|71.35
f17_i1,17,1,20,-16.94,test,0.9741942610235196|0.0|0.0|-16.94
f18_i1,18,1,20,-16.94,test,0.9250525256750463|0.0|0.0|-16.94
f19_i1,19,1,20,-102.55,test,0.8056305836042416|0.0|0.0|-102.55
f20_i1,20,1,20,-546.5,test,0.9999734661704085|0.0|0.0|-546.5
f21_i1,21,1,20,40.78,test,0.9478875250746853|0.0|0.0|40.78
f22_i1,22,1,20,-1000.0,test,0.9017005928334967|0.0|0.0|-1000.0
f23_i1,23,1,20,6.87,test,0.5934003898787837|0.0|0.0|6.87
f24_i1,24,1,20,102.61,test,0.7258286111917733|0.0|0.0|102.61
