problem_id,function,instance,dimension,opt_val,constraint_num,split
f1_i1,1,1,20,1.688769753600e+03,1,train
f2_i1,2,1,20,-1.809820838400e+03,3,train
f3_i1,3,1,20,-4.212856416000e+03,9,train
f4_i1,4,1,20,-3.895718976000e+03,16,train
f5_i1,5,1,20,2.339210304010e+02,24,train
f6_i1,6,1,20,8.837741184000e+02,54,train
f13_i1,13,1,20,2.279866706895e+03,1,train
f14_i1,14,1,20,1.945375586174e+03,3,train
f15_i1,15,1,20,1.199622325226e+04,9,train
f16_i1,16,1,20,3.258246633037e+03,16,train
f17_i1,17,1,20,1.988143397274e+03,24,train
f18_i1,18,1,20,1.991728942614e+03,54,train
f7_i1,7,1,20,2.620185587380e+02,1,train
f8_i1,8,1,20,1.605528662628e+03,3,train
f9_i1,9,1,20,1.520786136712e+03,9,train
f10_i1,20,1,20,8.958866041785e+02,16,train
f11_i1,11,1,20,1.902532103065e+02,24,train
f12_i1,12,1,20,6.068454422445e+02,54,train
f25_i1,25,1,20,1.057480173298e+02,1,train
f26_i1,26,1,20,1.488654549754e+03,3,train
f27_i1,27,1,20,6.054032754410e+02,9,train
f28_i1,28,1,20,6.638260779013e+02,16,train
f29_i1,29,1,20,2.052038562175e+02,24,train
f30_i1,30,1,20,3.268285111605e+02,54,train
f19_i1,19,1,20,1.767683433693e+02,1,test
f20_i1,20,1,20,1.072356995855e+03,3,test
f21_i1,21,1,20,2.480371946876e+02,9,test
f22_i1,22,1,20,2.753499922952e+02,16,test
f23_i1,23,1,20,2.918723796950e+02,24,test
f24_i1,24,1,20,2.106038149980e+02,54,test
f31_i1,31,1,20,2.426816801130e+03,1,test
f32_i1,32,1,20,3.702606415891e+03,3,test
f33_i1,33,1,20,3.287043180340e+03,9,test
f34_i1,34,1,20,6.170658216427e+03,16,test
f35_i1,35,1,20,3.528677162537e+03,24,test
f36_i1,36,1,20,5.711827770289e+03,54,test
f37_i1,37,1,20,3.231811234037e+04,1,test
f38_i1,38,1,20,1.827151973829e+03,3,test
f39_i1,39,1,20,3.379938265569e+04,9,test
f40_i1,40,1,20,-2.123849639746e+03,16,test
f41_i1,41,1,20,-9.999988357332e+04,24,test
f42_i1,42,1,20,1.014547243841e+04,54,test
f43_i1,43,1,20,5.156000000000e+02,1,test
f44_i1,44,1,20,-2.838800000000e+03,3,test
f45_i1,45,1,20,1.651000000000e+03,9,test
f46_i1,46,1,20,4.469000000000e+02,16,test
f47_i1,47,1,20,1.296700000000e+03,24,test
f48_i1,48,1,20,-1.761900000000e+03,54,test
f49_i1,49,1,20,1.336400000000e+03,1,test
f50_i1,50,1,20,2.598000000000e+02,3,test
f51_i1,51,1,20,2.665600000000e+03,9,test
f52_i1,52,1,20,2.490200000000e+03,16,test
f53_i1,53,1,20,-1.170000000000e+02,24,test
f54_i1,54,1,20,1.075000000000e+04,54,test