problem_id,suite,instance,dimension,n_objectives,split
uav_p0,uav,0,30,5,test
uav_p1,uav,1,30,5,train
uav_p2,uav,2,30,5,test
uav_p3,uav,3,30,5,train
uav_p4,uav,4,30,5,test
uav_p5,uav,5,30,5,train
uav_p6,uav,6,30,5,test
uav_p7,uav,7,30,5,train
uav_p8,uav,8,30,5,test
uav_p9,uav,9,30,5,train
uav_p10,uav,10,30,5,test
uav_p11,uav,11,30,5,train
uav_p12,uav,12,30,5,test
uav_p13,uav,13,30,5,train
uav_p14,uav,14,30,5,test
uav_p15,uav,15,30,5,train
uav_p16,uav,16,30,5,test
uav_p17,uav,17,30,5,train
uav_p18,uav,18,30,5,test
uav_p19,uav,19,30,5,train
uav_p20,uav,20,30,5,test
uav_p21,uav,21,30,5,train
uav_p22,uav,22,30,5,test
uav_p23,uav,23,30,5,train
uav_p24,uav,24,30,5,test
uav_p25,uav,25,30,5,train
uav_p26,uav,26,30,5,test
uav_p27,uav,27,30,5,train
uav_p28,uav,28,30,5,test
uav_p29,uav,29,30,5,train
uav_p30,uav,30,30,5,test
uav_p31,uav,31,30,5,train
uav_p32,uav,32,30,5,test
uav_p33,uav,33,30,5,train
uav_p34,uav,34,30,5,test
uav_p35,uav,35,30,5,train
uav_p36,uav,36,30,5,test
uav_p37,uav,37,30,5,train
uav_p38,uav,38,30,5,test
uav_p39,uav,39,30,5,train
uav_p40,uav,40,30,5,test
uav_p41,uav,41,30,5,train
uav_p42,uav,42,30,5,test
uav_p43,uav,43,30,5,train
uav_p44,uav,44,30,5,test
uav_p45,uav,45,30,5,train
uav_p46,uav,46,30,5,test
uav_p47,uav,47,30,5,train
uav_p48,uav,48,30,5,test
uav_p49,uav,49,30,5,train
uav_p50,uav,50,30,5,test
uav_p51,uav,51,30,5,train
uav_p52,uav,52,30,5,test
uav_p53,uav,53,30,5,train
uav_p54,uav,54,30,5,test
uav_p55,uav,55,30,5,train